ORBIT,SK outer in,SK inner in,MP outer in,MP inner in,MP inner out,MP outer out,SK inner out,SK outer out
1,2011-03-23 23:46:56,2011-03-23 23:59:55,2011-03-24 01:10:02,2011-03-24 01:14:00,2011-03-24 02:14:45,2011-03-24 02:15:35,2011-03-24 04:35:07,2011-03-24 04:38:09
2,2011-03-24 12:18:59,2011-03-24 12:46:44,2011-03-24 13:21:46,2011-03-24 13:23:40,2011-03-24 14:13:52,2011-03-24 14:19:17,2011-03-24 14:45:20,2011-03-24 14:49:16
3,2011-03-25 01:00:04,2011-03-25 01:00:40,2011-03-25 01:19:48,2011-03-25 01:21:54,2011-03-25 02:18:19,2011-03-25 02:21:33,2011-03-25 03:30:23,2011-03-25 03:31:53
4,2011-03-25 13:04:25,2011-03-25 13:06:19,2011-03-25 13:27:39,2011-03-25 13:30:53,2011-03-25 14:29:58,2011-03-25 14:31:24,2011-03-25 15:03:53,2011-03-25 15:15:19
5,2011-03-26 01:19:14,2011-03-26 01:19:24,2011-03-26 01:34:50,2011-03-26 01:35:35,2011-03-26 02:34:27,2011-03-26 02:47:28,2011-03-26 03:14:19,2011-03-26 03:17:48
6,2011-03-26 13:20:03,2011-03-26 13:24:45,2011-03-26 13:36:23,2011-03-26 13:38:13,2011-03-26 14:37:58,2011-03-26 14:40:31,2011-03-26 15:08:21,2011-03-26 15:10:02
7,2011-03-27 01:30:33,2011-03-27 01:30:42,2011-03-27 01:42:49,2011-03-27 01:43:13,2011-03-27 02:46:04,2011-03-27 02:46:15,2011-03-27 04:30:39,2011-03-27 05:03:40
8,2011-03-27 13:31:50,2011-03-27 13:32:12,2011-03-27 13:41:37,2011-03-27 13:44:04,2011-03-27 14:48:33,2011-03-27 14:53:56,2011-03-27 15:28:30,2011-03-27 15:32:45
9,2011-03-28 01:35:05,2011-03-28 01:35:14,2011-03-28 01:56:13,2011-03-28 01:58:52,2011-03-28 02:48:34,2011-03-28 02:51:03,2011-03-28 03:33:02,2011-03-28 03:33:05
10,2011-03-28 13:45:03,2011-03-28 13:45:13,2011-03-28 13:59:52,2011-03-28 14:00:03,2011-03-28 15:00:52,2011-03-28 15:02:12,2011-03-28 15:30:26,2011-03-28 15:49:45
11,2011-03-29 01:50:50,2011-03-29 01:51:04,2011-03-29 02:00:00,2011-03-29 02:01:05,2011-03-29 03:05:44,2011-03-29 03:06:12,2011-03-29 03:52:39,2011-03-29 03:54:59
12,2011-03-29 13:48:36,2011-03-29 13:48:47,2011-03-29 14:06:47,2011-03-29 14:09:34,2011-03-29 15:06:33,2011-03-29 15:08:28,2011-03-29 15:58:34,2011-03-29 16:03:21
13,2011-03-30 01:55:34,2011-03-30 01:55:42,2011-03-30 02:11:10,2011-03-30 02:12:56,2011-03-30 03:14:59,2011-03-30 03:16:28,2011-03-30 03:57:26,2011-03-30 04:02:59
14,2011-03-30 13:56:10,2011-03-30 13:56:24,2011-03-30 14:14:22,2011-03-30 14:18:31,2011-03-30 15:23:59,2011-03-30 15:26:58,2011-03-30 16:01:29,2011-03-30 16:09:41
15,2011-03-31 02:03:23,2011-03-31 02:12:08,2011-03-31 02:09:36,2011-03-31 02:11:52,2011-03-31 03:41:26,2011-03-31 03:53:41,2011-03-31 04:30:33,2011-03-31 04:47:33
16,2011-03-31 13:53:39,2011-03-31 13:59:03,2011-03-31 14:17:59,2011-03-31 14:20:15,2011-03-31 15:33:40,2011-03-31 15:40:30,2011-03-31 16:39:57,2011-03-31 16:58:21
17,2011-04-01 01:38:47,2011-04-01 01:43:27,2011-04-01 02:19:37,2011-04-01 02:21:00,2011-04-01 03:50:26,2011-04-01 04:11:15,2011-04-01 06:10:26,2011-04-01 06:47:28
18,2011-04-01 13:35:00,2011-04-01 13:51:55,2011-04-01 14:21:15,2011-04-01 14:21:45,2011-04-01 15:45:16,2011-04-01 15:59:10,2011-04-01 18:09:07,2011-04-01 19:11:29
19,2011-04-02 00:59:18,2011-04-02 00:59:30,2011-04-02 02:22:45,2011-04-02 02:24:04,2011-04-02 03:54:41,2011-04-02 04:21:30,2011-04-02 06:28:41,2011-04-02 06:34:50
20,2011-04-02 13:54:58,2011-04-02 14:01:20,2011-04-02 14:36:25,2011-04-02 14:38:57,2011-04-02 15:49:56,2011-04-02 15:52:20,2011-04-02 19:00:27,2011-04-02 19:01:31
21,2011-04-03 02:12:12,2011-04-03 02:12:38,2011-04-03 02:27:23,2011-04-03 02:27:47,2011-04-03 04:02:00,2011-04-03 04:14:18,2011-04-03 06:20:02,2011-04-03 06:38:54
22,2011-04-03 14:24:09,2011-04-03 14:24:23,2011-04-03 14:47:57,2011-04-03 14:48:10,2011-04-03 16:01:58,2011-04-03 16:04:30,2011-04-03 17:29:07,2011-04-03 17:43:19
23,2011-04-04 02:36:58,2011-04-04 02:39:53,2011-04-04 02:50:32,2011-04-04 02:54:21,2011-04-04 04:10:00,2011-04-04 04:11:56,2011-04-04 05:27:34,2011-04-04 05:35:22
24,2011-04-04 14:51:29,2011-04-04 14:52:48,2011-04-04 15:03:12,2011-04-04 15:03:56,2011-04-04 16:15:01,2011-04-04 16:15:17,2011-04-04 16:58:46,2011-04-04 16:58:54
25,,,,,,,,
26,,,,,,,,
27,2011-04-06 02:59:34,2011-04-06 03:02:40,2011-04-06 03:14:39,2011-04-06 03:16:36,2011-04-06 04:30:08,2011-04-06 04:30:37,2011-04-06 04:59:06,2011-04-06 05:05:54
28,2011-04-06 15:05:17,2011-04-06 15:05:25,2011-04-06 15:14:04,2011-04-06 15:14:58,2011-04-06 16:33:27,2011-04-06 16:35:00,2011-04-06 17:07:16,2011-04-06 17:18:20
29,2011-04-07 03:07:08,2011-04-07 03:10:07,2011-04-07 03:19:34,2011-04-07 03:19:45,2011-04-07 04:47:32,2011-04-07 04:48:10,2011-04-07 05:14:51,2011-04-07 05:28:15
30,2011-04-07 15:15:58,2011-04-07 15:16:26,2011-04-07 15:24:42,2011-04-07 15:26:14,2011-04-07 16:45:40,2011-04-07 16:46:28,2011-04-07 17:06:52,2011-04-07 17:19:31
31,2011-04-08 03:20:48,2011-04-08 03:21:34,2011-04-08 03:30:04,2011-04-08 03:32:46,2011-04-08 04:47:57,2011-04-08 04:50:24,2011-04-08 05:20:24,2011-04-08 05:26:03
32,2011-04-08 15:25:15,2011-04-08 15:26:59,2011-04-08 15:36:30,2011-04-08 15:36:59,2011-04-08 16:44:34,2011-04-08 16:44:55,2011-04-08 17:27:19,2011-04-08 17:28:24
33,2011-04-09 03:28:36,2011-04-09 03:29:51,2011-04-09 03:40:15,2011-04-09 03:41:48,2011-04-09 04:51:46,2011-04-09 04:54:17,2011-04-09 05:33:41,2011-04-09 06:03:18
34,2011-04-09 15:38:26,2011-04-09 15:38:34,2011-04-09 15:53:40,2011-04-09 15:54:10,2011-04-09 16:55:32,2011-04-09 17:04:29,2011-04-09 17:33:06,2011-04-09 17:33:12
35,2011-04-10 03:39:08,2011-04-10 03:39:21,2011-04-10 03:55:33,2011-04-10 03:58:10,2011-04-10 05:00:40,2011-04-10 05:01:24,2011-04-10 05:39:29,2011-04-10 05:45:29
36,2011-04-10 15:42:39,2011-04-10 15:44:26,2011-04-10 15:53:03,2011-04-10 15:56:10,2011-04-10 17:02:45,2011-04-10 17:03:57,2011-04-10 17:52:48,2011-04-10 17:58:02
37,2011-04-11 03:46:20,2011-04-11 03:46:29,2011-04-11 04:01:08,2011-04-11 04:04:38,2011-04-11 05:16:14,2011-04-11 05:17:48,2011-04-11 05:40:49,2011-04-11 06:04:37
38,2011-04-11 15:49:50,2011-04-11 15:51:17,2011-04-11 15:59:17,2011-04-11 16:01:25,2011-04-11 17:22:57,2011-04-11 17:23:15,2011-04-11 17:56:57,2011-04-11 18:07:25
39,2011-04-12 03:52:31,2011-04-12 03:54:14,2011-04-12 04:03:48,2011-04-12 04:05:10,2011-04-12 05:27:52,2011-04-12 05:31:45,2011-04-12 06:17:38,2011-04-12 06:18:25
40,2011-04-12 15:55:54,2011-04-12 15:59:14,2011-04-12 16:06:08,2011-04-12 16:06:39,2011-04-12 17:29:53,2011-04-12 17:34:32,2011-04-12 18:18:11,2011-04-12 18:22:43
41,2011-04-13 04:11:10,2011-04-13 04:11:32,2011-04-13 04:19:09,2011-04-13 04:21:56,2011-04-13 05:29:30,2011-04-13 05:31:18,2011-04-13 06:15:24,2011-04-13 06:18:47
42,2011-04-13 16:08:51,2011-04-13 16:09:40,2011-04-13 16:18:59,2011-04-13 16:20:17,2011-04-13 17:36:39,2011-04-13 17:39:18,2011-04-13 18:09:36,2011-04-13 18:12:19
43,2011-04-14 04:13:22,2011-04-14 04:13:49,2011-04-14 04:23:02,2011-04-14 04:23:34,2011-04-14 05:31:25,2011-04-14 05:36:48,2011-04-14 06:05:28,2011-04-14 06:05:48
44,2011-04-14 16:09:59,2011-04-14 16:14:28,2011-04-14 16:24:40,2011-04-14 16:26:08,2011-04-14 17:42:10,2011-04-14 17:43:24,2011-04-14 18:30:14,2011-04-14 18:30:22
45,2011-04-15 04:15:44,2011-04-15 04:17:56,2011-04-15 04:35:46,2011-04-15 04:36:26,2011-04-15 05:49:33,2011-04-15 05:50:09,2011-04-15 06:32:09,2011-04-15 06:32:14
46,2011-04-15 16:19:48,2011-04-15 16:22:48,2011-04-15 16:34:40,2011-04-15 16:37:27,2011-04-15 17:49:15,2011-04-15 17:53:46,2011-04-15 18:33:58,2011-04-15 18:34:11
47,2011-04-16 04:33:17,2011-04-16 04:34:15,2011-04-16 04:40:16,2011-04-16 04:44:40,2011-04-16 05:43:32,2011-04-16 05:44:49,2011-04-16 06:29:47,2011-04-16 06:29:58
48,2011-04-16 16:35:44,2011-04-16 16:36:01,2011-04-16 16:47:50,2011-04-16 16:52:22,2011-04-16 17:50:49,2011-04-16 17:51:07,2011-04-16 18:35:05,2011-04-16 18:36:09
49,2011-04-17 04:37:00,2011-04-17 04:37:16,2011-04-17 04:48:48,2011-04-17 04:50:18,2011-04-17 06:05:40,2011-04-17 06:11:17,2011-04-17 06:53:46,2011-04-17 06:59:48
50,2011-04-17 16:37:34,2011-04-17 16:37:45,2011-04-17 16:51:21,2011-04-17 16:54:23,2011-04-17 18:07:50,2011-04-17 18:14:31,2011-04-17 18:54:21,2011-04-17 19:06:23
51,2011-04-18 04:42:35,2011-04-18 04:43:30,2011-04-18 04:53:18,2011-04-18 04:59:35,2011-04-18 06:07:50,2011-04-18 06:08:15,2011-04-18 06:52:46,2011-04-18 07:04:45
52,2011-04-18 16:45:52,2011-04-18 16:46:12,2011-04-18 17:01:17,2011-04-18 17:03:46,2011-04-18 18:12:06,2011-04-18 18:16:49,2011-04-18 19:24:05,2011-04-18 20:04:17
53,2011-04-19 04:45:12,2011-04-19 04:45:27,2011-04-19 05:02:23,2011-04-19 05:04:11,2011-04-19 06:10:55,2011-04-19 06:17:39,2011-04-19 07:08:33,2011-04-19 07:08:39
54,2011-04-19 16:51:40,2011-04-19 16:52:03,2011-04-19 17:07:30,2011-04-19 17:07:41,2011-04-19 18:13:45,2011-04-19 18:22:43,2011-04-19 18:57:54,2011-04-19 19:01:27
55,2011-04-20 05:00:42,2011-04-20 05:01:23,2011-04-20 05:14:17,2011-04-20 05:16:00,2011-04-20 06:22:28,2011-04-20 06:27:14,2011-04-20 07:05:08,2011-04-20 07:11:35
56,2011-04-20 17:04:23,2011-04-20 17:08:09,2011-04-20 17:16:13,2011-04-20 17:17:59,2011-04-20 18:26:39,2011-04-20 18:33:34,2011-04-20 19:06:46,2011-04-20 19:15:17
57,2011-04-21 04:59:37,2011-04-21 05:01:17,2011-04-21 05:20:27,2011-04-21 05:21:01,2011-04-21 06:35:15,2011-04-21 06:39:02,2011-04-21 07:23:54,2011-04-21 07:42:41
58,2011-04-21 16:58:59,2011-04-21 17:05:25,2011-04-21 17:13:32,2011-04-21 17:20:34,2011-04-21 18:39:38,2011-04-21 18:45:31,2011-04-21 19:23:50,2011-04-21 19:46:08
59,2011-04-22 05:01:45,2011-04-22 05:01:56,2011-04-22 05:20:09,2011-04-22 05:20:56,2011-04-22 06:42:21,2011-04-22 06:51:08,2011-04-22 07:55:39,2011-04-22 08:09:33
60,2011-04-22 17:09:48,2011-04-22 17:21:05,2011-04-22 17:30:33,2011-04-22 17:33:21,2011-04-22 18:40:27,2011-04-22 18:48:51,2011-04-22 19:43:13,2011-04-22 19:49:10
61,2011-04-23 05:12:09,2011-04-23 05:12:19,2011-04-23 05:32:49,2011-04-23 05:33:49,2011-04-23 06:45:50,2011-04-23 06:53:06,2011-04-23 08:05:13,2011-04-23 08:11:38
62,2011-04-23 17:17:20,2011-04-23 17:18:39,2011-04-23 17:34:51,2011-04-23 17:36:06,2011-04-23 18:47:26,2011-04-23 18:58:37,2011-04-23 20:08:58,2011-04-23 20:14:25
63,2011-04-24 05:22:12,2011-04-24 05:30:55,2011-04-24 05:42:51,2011-04-24 05:45:53,2011-04-24 06:49:37,2011-04-24 06:57:44,2011-04-24 07:33:48,2011-04-24 07:46:11
64,2011-04-24 17:32:06,2011-04-24 17:34:27,2011-04-24 17:47:04,2011-04-24 17:49:28,2011-04-24 18:57:41,2011-04-24 18:59:19,2011-04-24 19:40:55,2011-04-24 19:47:39
65,2011-04-25 05:34:07,2011-04-25 05:36:08,2011-04-25 05:54:17,2011-04-25 05:55:51,2011-04-25 07:03:20,2011-04-25 07:04:05,2011-04-25 07:39:50,2011-04-25 07:53:34
66,2011-04-25 17:35:12,2011-04-25 17:35:29,2011-04-25 17:52:57,2011-04-25 17:56:32,2011-04-25 19:06:43,2011-04-25 19:08:00,2011-04-25 20:21:22,2011-04-25 20:30:38
67,2011-04-26 05:36:17,2011-04-26 05:43:15,2011-04-26 05:56:00,2011-04-26 06:00:14,2011-04-26 07:15:18,2011-04-26 07:22:20,2011-04-26 08:27:42,2011-04-26 08:28:03
68,2011-04-26 17:43:43,2011-04-26 17:47:00,2011-04-26 18:00:38,2011-04-26 18:01:10,2011-04-26 19:09:55,2011-04-26 19:20:08,2011-04-26 20:06:00,2011-04-26 20:15:52
69,2011-04-27 05:44:51,2011-04-27 05:50:52,2011-04-27 06:02:21,2011-04-27 06:04:58,2011-04-27 07:28:37,2011-04-27 07:31:10,2011-04-27 08:27:57,2011-04-27 08:34:48
70,2011-04-27 17:44:18,2011-04-27 17:44:40,2011-04-27 18:08:08,2011-04-27 18:09:15,2011-04-27 19:19:43,2011-04-27 19:25:54,2011-04-27 20:28:16,2011-04-27 20:34:18
71,2011-04-28 05:53:13,2011-04-28 05:59:41,2011-04-28 06:12:55,2011-04-28 06:17:34,2011-04-28 07:24:04,2011-04-28 07:31:04,2011-04-28 08:12:23,2011-04-28 08:12:42
72,2011-04-28 17:53:49,2011-04-28 18:01:44,2011-04-28 18:19:56,2011-04-28 18:22:28,2011-04-28 19:23:56,2011-04-28 19:31:51,2011-04-28 20:26:05,2011-04-28 20:26:22
73,2011-04-29 06:03:03,2011-04-29 06:08:01,2011-04-29 06:22:53,2011-04-29 06:25:37,2011-04-29 07:30:17,2011-04-29 07:35:24,2011-04-29 08:29:13,2011-04-29 08:29:24
74,2011-04-29 18:06:36,2011-04-29 18:07:05,2011-04-29 18:25:15,2011-04-29 18:30:20,2011-04-29 19:32:53,2011-04-29 19:40:05,2011-04-29 20:21:33,2011-04-29 20:22:13
75,2011-04-30 06:09:24,2011-04-30 06:14:58,2011-04-30 06:31:23,2011-04-30 06:36:21,2011-04-30 07:37:14,2011-04-30 07:41:43,2011-04-30 08:26:45,2011-04-30 08:29:03
76,2011-04-30 18:10:25,2011-04-30 18:10:40,2011-04-30 18:35:42,2011-04-30 18:43:26,2011-04-30 19:37:04,2011-04-30 19:40:23,2011-04-30 20:28:39,2011-04-30 20:46:06
77,2011-05-01 06:08:55,2011-05-01 06:09:50,2011-05-01 06:44:09,2011-05-01 06:46:29,2011-05-01 07:38:25,2011-05-01 07:54:24,2011-05-01 08:28:10,2011-05-01 08:28:18
78,2011-05-01 18:27:52,2011-05-01 18:29:04,2011-05-01 18:50:26,2011-05-01 18:53:08,2011-05-01 19:40:46,2011-05-01 19:44:19,2011-05-01 20:26:39,2011-05-01 20:31:30
79,2011-05-02 06:29:37,2011-05-02 06:30:25,2011-05-02 06:50:11,2011-05-02 06:52:59,2011-05-02 07:50:23,2011-05-02 07:55:52,2011-05-02 08:29:58,2011-05-02 08:42:53
80,2011-05-02 18:24:16,2011-05-02 18:34:36,2011-05-02 18:49:12,2011-05-02 18:51:06,2011-05-02 19:53:12,2011-05-02 20:02:02,2011-05-02 20:48:37,2011-05-02 21:25:36
81,2011-05-03 06:30:57,2011-05-03 06:34:39,2011-05-03 06:55:54,2011-05-03 07:01:14,2011-05-03 07:55:56,2011-05-03 08:02:43,2011-05-03 08:28:00,2011-05-03 08:45:38
82,2011-05-03 18:30:26,2011-05-03 18:38:15,2011-05-03 18:59:30,2011-05-03 19:00:46,2011-05-03 19:59:55,2011-05-03 20:04:45,2011-05-03 20:40:39,2011-05-03 20:52:15
83,2011-05-04 06:38:27,2011-05-04 06:46:56,2011-05-04 07:05:28,2011-05-04 07:07:28,2011-05-04 08:03:55,2011-05-04 08:05:57,2011-05-04 08:40:31,2011-05-04 08:45:23
84,2011-05-04 18:26:39,2011-05-04 18:38:50,2011-05-04 19:08:01,2011-05-04 19:12:07,2011-05-04 20:07:50,2011-05-04 20:12:28,2011-05-04 20:44:09,2011-05-04 20:56:29
85,2011-05-05 06:43:19,2011-05-05 06:43:28,2011-05-05 07:08:40,2011-05-05 07:12:08,2011-05-05 08:16:08,2011-05-05 08:22:20,2011-05-05 09:18:55,2011-05-05 09:19:03
86,2011-05-05 18:46:00,2011-05-05 18:50:12,2011-05-05 19:06:04,2011-05-05 19:19:15,2011-05-05 20:13:15,2011-05-05 20:20:42,2011-05-05 20:49:10,2011-05-05 20:54:47
87,2011-05-06 06:46:27,2011-05-06 06:47:07,2011-05-06 07:17:36,2011-05-06 07:22:20,2011-05-06 08:22:23,2011-05-06 08:31:35,2011-05-06 09:02:22,2011-05-06 09:03:14
88,2011-05-06 18:42:36,2011-05-06 18:44:52,2011-05-06 19:21:09,2011-05-06 19:24:21,2011-05-06 20:21:46,2011-05-06 20:25:30,2011-05-06 20:57:47,2011-05-06 21:06:57
89,2011-05-07 06:29:41,2011-05-07 06:30:11,2011-05-07 07:20:21,2011-05-07 07:23:11,2011-05-07 08:33:11,2011-05-07 08:42:21,2011-05-07 09:24:18,2011-05-07 09:25:32
90,2011-05-07 18:21:14,2011-05-07 18:30:04,2011-05-07 19:27:36,2011-05-07 19:32:19,2011-05-07 20:33:16,2011-05-07 20:40:22,2011-05-07 21:11:02,2011-05-07 21:28:23
91,2011-05-08 06:34:23,2011-05-08 06:41:32,2011-05-08 07:32:44,2011-05-08 07:33:45,2011-05-08 08:37:03,2011-05-08 08:38:18,2011-05-08 09:16:10,2011-05-08 09:30:13
92,2011-05-08 18:30:58,2011-05-08 18:48:10,2011-05-08 19:31:31,2011-05-08 19:37:52,2011-05-08 20:41:51,2011-05-08 20:43:51,2011-05-08 21:27:59,2011-05-08 21:33:22
93,2011-05-09 06:38:19,2011-05-09 06:47:10,2011-05-09 07:33:31,2011-05-09 07:41:05,2011-05-09 08:47:51,2011-05-09 08:48:33,2011-05-09 09:37:06,2011-05-09 09:37:16
94,2011-05-09 18:32:13,2011-05-09 18:49:27,2011-05-09 19:34:57,2011-05-09 19:42:11,2011-05-09 20:47:45,2011-05-09 20:54:18,2011-05-09 21:27:43,2011-05-09 21:39:59
95,2011-05-10 06:53:16,2011-05-10 06:53:35,2011-05-10 07:35:49,2011-05-10 07:50:43,2011-05-10 08:49:48,2011-05-10 08:57:11,2011-05-10 09:29:49,2011-05-10 09:36:10
96,2011-05-10 19:08:05,2011-05-10 19:08:59,2011-05-10 19:50:40,2011-05-10 19:56:15,2011-05-10 20:56:13,2011-05-10 20:57:45,2011-05-10 21:20:33,2011-05-10 21:22:23
97,2011-05-11 07:26:42,2011-05-11 07:39:07,2011-05-11 08:03:47,2011-05-11 08:03:56,2011-05-11 08:58:20,2011-05-11 08:59:48,2011-05-11 09:22:59,2011-05-11 09:29:11
98,2011-05-11 19:05:33,2011-05-11 19:14:29,2011-05-11 19:59:04,2011-05-11 20:08:52,2011-05-11 21:04:33,2011-05-11 21:08:02,2011-05-11 21:28:14,2011-05-11 21:35:31
99,2011-05-12 07:23:46,2011-05-12 07:27:22,2011-05-12 08:01:28,2011-05-12 08:06:16,2011-05-12 09:07:21,2011-05-12 09:09:02,2011-05-12 09:22:43,2011-05-12 09:35:22
100,2011-05-12 19:19:05,2011-05-12 19:20:31,2011-05-12 20:00:07,2011-05-12 20:12:45,2011-05-12 21:11:57,2011-05-12 21:18:13,2011-05-12 21:54:52,2011-05-12 22:15:21
101,2011-05-13 07:11:15,2011-05-13 07:19:41,2011-05-13 07:52:23,2011-05-13 07:52:55,2011-05-13 09:21:22,2011-05-13 09:26:01,2011-05-13 10:46:21,2011-05-13 10:46:45
102,2011-05-13 17:06:03,2011-05-13 18:09:12,2011-05-13 19:49:35,2011-05-13 20:00:10,2011-05-13 21:22:20,2011-05-13 21:29:04,2011-05-14 00:09:58,2011-05-14 00:45:46
103,2011-05-14 07:30:51,2011-05-14 07:31:35,2011-05-14 07:50:44,2011-05-14 07:54:14,2011-05-14 09:29:53,2011-05-14 09:30:22,2011-05-14 10:27:56,2011-05-14 10:28:08
104,2011-05-14 15:12:48,2011-05-14 15:12:57,2011-05-14 20:17:30,2011-05-14 20:27:42,2011-05-14 21:41:30,2011-05-14 22:01:53,2011-05-14 21:58:35,2011-05-15 00:02:11
105,2011-05-15 03:12:09,2011-05-15 04:42:52,2011-05-15 08:16:37,2011-05-15 08:24:39,2011-05-15 09:24:07,2011-05-15 09:31:20,2011-05-15 09:51:09,2011-05-15 09:51:20
106,2011-05-15 18:30:33,2011-05-15 18:49:14,2011-05-15 20:17:51,2011-05-15 20:36:24,2011-05-15 21:35:20,2011-05-15 21:36:48,2011-05-15 21:54:40,2011-05-15 21:55:00
107,2011-05-16 05:57:36,2011-05-16 06:10:30,2011-05-16 08:28:39,2011-05-16 08:37:45,2011-05-16 09:37:34,2011-05-16 09:40:27,2011-05-16 09:52:29,2011-05-16 09:53:32
108,2011-05-16 19:04:05,2011-05-16 19:22:57,2011-05-16 20:37:45,2011-05-16 20:43:52,2011-05-16 21:40:38,2011-05-16 21:42:10,2011-05-16 21:59:05,2011-05-16 21:59:32
109,2011-05-17 06:46:38,2011-05-17 08:04:53,2011-05-17 08:30:50,2011-05-17 08:42:57,2011-05-17 09:44:55,2011-05-17 09:47:48,2011-05-17 10:03:31,2011-05-17 10:06:54
110,2011-05-17 18:15:56,2011-05-17 18:46:27,2011-05-17 20:59:46,2011-05-17 21:02:23,2011-05-17 21:53:10,2011-05-17 21:53:50,2011-05-17 22:11:29,2011-05-17 22:12:56
111,2011-05-18 04:56:02,2011-05-18 06:28:12,2011-05-18 08:30:24,2011-05-18 08:36:30,2011-05-18 09:51:47,2011-05-18 09:53:40,2011-05-18 10:10:53,2011-05-18 10:11:43
112,2011-05-18 17:55:58,2011-05-18 18:31:39,2011-05-18 20:23:02,2011-05-18 20:25:01,2011-05-18 21:56:36,2011-05-18 21:59:20,2011-05-18 22:07:55,2011-05-18 22:11:18
113,2011-05-19 05:36:47,2011-05-19 05:36:51,2011-05-19 08:25:36,2011-05-19 08:31:38,2011-05-19 10:00:10,2011-05-19 10:03:52,2011-05-19 10:20:46,2011-05-19 10:21:46
114,2011-05-19 18:16:24,2011-05-19 18:20:17,2011-05-19 20:21:00,2011-05-19 20:49:19,2011-05-19 22:10:13,2011-05-19 22:12:38,2011-05-19 22:25:47,2011-05-19 22:48:59
115,2011-05-20 04:48:30,2011-05-20 05:09:09,2011-05-20 08:27:34,2011-05-20 08:54:08,2011-05-20 10:09:31,2011-05-20 10:12:35,2011-05-20 10:32:35,2011-05-20 10:36:33
116,2011-05-20 17:08:50,2011-05-20 18:29:59,2011-05-20 21:16:37,2011-05-20 21:26:55,2011-05-20 22:19:11,2011-05-20 22:21:31,2011-05-20 22:41:59,2011-05-20 22:42:11
117,2011-05-21 05:25:02,2011-05-21 06:11:35,2011-05-21 09:19:08,2011-05-21 09:19:41,2011-05-21 10:21:41,2011-05-21 10:25:31,2011-05-21 10:54:02,2011-05-21 10:55:26
118,2011-05-21 17:04:14,2011-05-21 18:03:05,2011-05-21 21:09:34,2011-05-21 21:28:16,2011-05-21 22:22:52,2011-05-21 22:27:11,2011-05-21 22:42:08,2011-05-21 22:46:55
119,2011-05-22 05:45:34,2011-05-22 06:23:08,2011-05-22 08:50:24,2011-05-22 09:06:20,2011-05-22 10:26:47,2011-05-22 10:30:21,2011-05-22 10:41:15,2011-05-22 10:41:59
120,2011-05-22 17:51:39,2011-05-22 18:37:43,2011-05-22 20:49:49,2011-05-22 20:58:56,2011-05-22 22:32:14,2011-05-22 22:37:55,2011-05-22 22:48:49,2011-05-22 22:48:55
121,2011-05-23 05:22:28,2011-05-23 05:57:52,2011-05-23 08:30:18,2011-05-23 08:40:14,2011-05-23 10:37:23,2011-05-23 10:39:53,2011-05-23 10:51:07,2011-05-23 10:55:15
122,2011-05-23 17:11:13,2011-05-23 17:36:29,2011-05-23 20:36:07,2011-05-23 21:07:59,2011-05-23 22:41:52,2011-05-23 22:43:28,2011-05-23 22:54:50,2011-05-23 22:57:07
123,2011-05-24 05:51:48,2011-05-24 05:59:07,2011-05-24 08:15:58,2011-05-24 08:48:52,2011-05-24 10:44:24,2011-05-24 10:47:02,2011-05-24 11:02:13,2011-05-24 11:03:47
124,,,,,,,,
125,,,,,,,,
126,,,,,,,,
127,,,,,,,,
128,,,,,,,,
129,,,,,,,,
130,,,,,,,,
131,,,,,,,,
132,,,,,,,,
133,,,,,,,,
134,,,,,,,,
135,,,,,,,,
136,,,,,,,,
137,,,,,,,,
138,,,,,,,,
139,,,,,,,,
140,,,,,,,,
141,,,,,,,,
142,,,,,,,,
143,2011-06-03 06:53:15,2011-06-03 08:13:36,2011-06-03 10:58:48,2011-06-03 11:02:14,2011-06-03 12:08:20,2011-06-03 12:11:14,2011-06-03 12:19:47,2011-06-03 12:21:08
144,2011-06-03 19:24:50,2011-06-03 20:31:11,2011-06-03 21:52:06,2011-06-03 22:31:01,2011-06-04 00:12:13,2011-06-04 00:15:10,2011-06-04 00:23:09,2011-06-04 00:28:35
145,2011-06-04 07:07:58,2011-06-04 07:16:43,2011-06-04 09:33:13,2011-06-04 11:04:00,2011-06-04 12:18:24,2011-06-04 12:19:36,2011-06-04 12:29:13,2011-06-04 12:32:21
146,2011-06-04 19:57:08,2011-06-04 19:57:14,2011-06-04 22:37:48,2011-06-04 22:49:25,2011-06-05 00:24:51,2011-06-05 00:25:31,2011-06-05 00:41:30,2011-06-05 00:43:05
147,2011-06-05 08:29:22,2011-06-05 09:17:44,2011-06-05 10:44:58,2011-06-05 11:11:57,2011-06-05 12:29:41,2011-06-05 12:36:25,2011-06-05 12:39:26,2011-06-05 12:45:51
148,2011-06-05 19:50:22,2011-06-05 20:10:07,2011-06-05 22:16:24,2011-06-05 23:23:59,2011-06-06 00:35:38,2011-06-06 00:45:14,2011-06-06 01:06:49,2011-06-06 01:10:06
149,2011-06-06 06:54:59,2011-06-06 08:50:40,2011-06-06 10:58:19,2011-06-06 10:59:01,2011-06-06 12:38:34,2011-06-06 12:45:43,2011-06-06 13:05:43,2011-06-06 13:07:10
150,2011-06-06 20:52:11,2011-06-06 21:47:00,2011-06-06 23:07:04,2011-06-06 23:09:51,2011-06-07 00:39:21,2011-06-07 00:40:08,2011-06-07 00:49:51,2011-06-07 00:55:11
151,2011-06-07 09:01:08,2011-06-07 09:39:59,2011-06-07 11:14:03,2011-06-07 11:35:03,2011-06-07 12:46:55,2011-06-07 12:51:31,2011-06-07 12:58:12,2011-06-07 13:01:04
152,2011-06-07 21:38:24,2011-06-07 22:16:57,2011-06-07 23:41:26,2011-06-07 23:53:29,2011-06-08 00:49:34,2011-06-08 00:53:43,2011-06-08 01:02:27,2011-06-08 01:05:10
153,2011-06-08 10:07:47,2011-06-08 10:25:27,2011-06-08 11:30:03,2011-06-08 11:49:38,2011-06-08 12:55:00,2011-06-08 12:55:04,2011-06-08 13:12:53,2011-06-08 13:17:35
154,2011-06-08 21:55:31,2011-06-08 22:12:22,2011-06-08 23:49:27,2011-06-09 00:05:07,2011-06-09 01:01:31,2011-06-09 01:03:36,2011-06-09 01:13:31,2011-06-09 01:16:46
155,2011-06-09 10:15:14,2011-06-09 10:33:41,2011-06-09 11:40:10,2011-06-09 12:03:09,2011-06-09 13:05:26,2011-06-09 13:07:37,2011-06-09 13:19:36,2011-06-09 13:20:04
156,2011-06-09 22:24:31,2011-06-09 22:29:18,2011-06-10 00:05:18,2011-06-10 00:20:43,2011-06-10 01:06:26,2011-06-10 01:08:14,2011-06-10 01:24:45,2011-06-10 01:26:00
157,2011-06-10 10:55:10,2011-06-10 11:02:17,2011-06-10 12:13:32,2011-06-10 12:19:46,2011-06-10 13:14:07,2011-06-10 13:16:18,2011-06-10 13:33:08,2011-06-10 13:41:20
158,2011-06-10 22:56:58,2011-06-10 23:16:30,2011-06-11 00:12:41,2011-06-11 00:25:52,2011-06-11 01:18:37,2011-06-11 01:23:38,2011-06-11 01:32:46,2011-06-11 01:43:21
159,2011-06-11 10:58:19,2011-06-11 11:15:55,2011-06-11 12:25:44,2011-06-11 12:36:44,2011-06-11 13:20:51,2011-06-11 13:24:47,2011-06-11 13:28:03,2011-06-11 13:38:28
160,2011-06-11 23:18:46,2011-06-11 23:23:22,2011-06-12 00:20:45,2011-06-12 00:43:29,2011-06-12 01:27:31,2011-06-12 01:29:02,2011-06-12 01:46:54,2011-06-12 01:50:32
161,2011-06-12 11:28:22,2011-06-12 11:31:27,2011-06-12 12:33:43,2011-06-12 12:46:00,2011-06-12 13:33:00,2011-06-12 13:33:57,2011-06-12 14:00:18,2011-06-12 14:03:39
162,2011-06-12 23:22:28,2011-06-12 23:36:52,2011-06-13 00:35:32,2011-06-13 00:42:57,2011-06-13 01:36:45,2011-06-13 01:45:57,2011-06-13 02:21:29,2011-06-13 03:21:29
163,2011-06-13 12:02:52,2011-06-13 12:13:38,2011-06-13 12:44:44,2011-06-13 12:47:42,2011-06-13 13:42:06,2011-06-13 13:48:25,2011-06-13 14:04:46,2011-06-13 14:05:26
164,2011-06-13 23:53:27,2011-06-13 23:55:52,2011-06-14 00:51:08,2011-06-14 01:01:37,2011-06-14 01:47:09,2011-06-14 01:48:56,2011-06-14 02:04:01,2011-06-14 02:05:33
165,2011-06-14 12:18:55,2011-06-14 12:19:07,2011-06-14 13:00:04,2011-06-14 13:14:23,2011-06-14 13:49:13,2011-06-14 13:53:34,2011-06-14 14:15:23,2011-06-14 14:16:38
166,2011-06-15 00:33:39,2011-06-15 00:38:47,2011-06-15 01:07:00,2011-06-15 01:09:12,2011-06-15 01:54:00,2011-06-15 01:57:51,2011-06-15 02:22:30,2011-06-15 02:23:11
167,2011-06-15 12:37:08,2011-06-15 12:39:32,2011-06-15 13:08:17,2011-06-15 13:20:22,2011-06-15 13:55:20,2011-06-15 14:02:32,2011-06-15 14:27:02,2011-06-15 14:30:12
168,2011-06-16 00:38:43,2011-06-16 00:44:28,2011-06-16 01:07:09,2011-06-16 01:08:28,2011-06-16 01:57:45,2011-06-16 02:05:11,2011-06-16 02:21:06,2011-06-16 02:24:52
169,2011-06-16 12:19:23,2011-06-16 12:19:48,2011-06-16 12:50:39,2011-06-16 12:57:21,2011-06-16 13:50:26,2011-06-16 13:51:57,2011-06-16 14:09:53,2011-06-16 14:16:51
170,2011-06-17 00:22:24,2011-06-17 00:22:38,2011-06-17 00:45:11,2011-06-17 00:51:42,2011-06-17 01:33:04,2011-06-17 01:34:07,2011-06-17 01:54:41,2011-06-17 02:01:51
171,2011-06-17 12:07:39,2011-06-17 12:17:28,2011-06-17 12:32:26,2011-06-17 12:38:38,2011-06-17 13:26:33,2011-06-17 13:29:59,2011-06-17 13:52:12,2011-06-17 14:05:49
172,2011-06-17 23:51:36,2011-06-17 23:53:52,2011-06-18 00:24:04,2011-06-18 00:26:05,2011-06-18 01:10:43,2011-06-18 01:17:09,2011-06-18 01:42:34,2011-06-18 01:43:15
173,2011-06-18 11:42:07,2011-06-18 11:44:29,2011-06-18 12:08:21,2011-06-18 12:15:25,2011-06-18 13:02:06,2011-06-18 13:02:48,2011-06-18 13:41:05,2011-06-18 13:45:13
174,2011-06-18 23:31:17,2011-06-18 23:34:40,2011-06-18 23:59:30,2011-06-19 00:04:45,2011-06-19 00:55:40,2011-06-19 00:55:55,2011-06-19 01:34:09,2011-06-19 01:39:15
175,2011-06-19 11:23:06,2011-06-19 11:23:57,2011-06-19 11:49:25,2011-06-19 11:49:59,2011-06-19 12:39:51,2011-06-19 12:40:37,2011-06-19 13:15:22,2011-06-19 13:21:46
176,2011-06-19 23:10:48,2011-06-19 23:11:03,2011-06-19 23:34:59,2011-06-19 23:43:15,2011-06-20 00:30:16,2011-06-20 00:31:19,2011-06-20 01:12:08,2011-06-20 01:14:25
177,2011-06-20 11:08:22,2011-06-20 11:10:00,2011-06-20 11:25:13,2011-06-20 11:28:41,2011-06-20 12:16:42,2011-06-20 12:22:37,2011-06-20 12:51:09,2011-06-20 13:05:28
178,2011-06-20 22:54:07,2011-06-20 22:56:13,2011-06-20 23:07:16,2011-06-20 23:10:29,2011-06-21 00:09:06,2011-06-21 00:13:56,2011-06-21 00:46:16,2011-06-21 00:46:25
179,2011-06-21 10:45:13,2011-06-21 10:45:23,2011-06-21 11:01:55,2011-06-21 11:03:34,2011-06-21 12:04:47,2011-06-21 12:05:12,2011-06-21 12:34:57,2011-06-21 12:35:06
180,2011-06-21 21:50:18,2011-06-21 22:17:48,2011-06-21 22:49:15,2011-06-21 22:52:42,2011-06-21 23:41:12,2011-06-21 23:41:18,2011-06-22 01:07:14,2011-06-22 01:24:29
181,2011-06-22 10:05:13,2011-06-22 10:05:28,2011-06-22 10:34:43,2011-06-22 10:36:38,2011-06-22 11:42:41,2011-06-22 11:51:58,2011-06-22 12:08:58,2011-06-22 12:31:47
182,2011-06-22 22:13:19,2011-06-22 22:13:34,2011-06-22 22:25:57,2011-06-22 22:29:48,2011-06-22 23:23:53,2011-06-22 23:28:57,2011-06-22 23:49:29,2011-06-23 00:00:17
183,2011-06-23 10:00:45,2011-06-23 10:03:44,2011-06-23 10:14:56,2011-06-23 10:15:11,2011-06-23 11:15:56,2011-06-23 11:18:11,2011-06-23 12:05:45,2011-06-23 12:05:52
184,2011-06-23 21:52:01,2011-06-23 21:52:09,2011-06-23 22:01:49,2011-06-23 22:05:11,2011-06-23 23:08:53,2011-06-23 23:09:03,2011-06-23 23:51:34,2011-06-23 23:55:58
185,2011-06-24 09:36:39,2011-06-24 09:36:56,2011-06-24 09:49:59,2011-06-24 09:52:21,2011-06-24 10:58:57,2011-06-24 11:00:04,2011-06-24 11:45:16,2011-06-24 11:46:34
186,2011-06-24 21:28:04,2011-06-24 21:36:07,2011-06-24 21:39:30,2011-06-24 21:41:51,2011-06-24 22:42:21,2011-06-24 22:46:24,2011-06-24 23:19:50,2011-06-24 23:35:52
187,2011-06-25 09:18:56,2011-06-25 09:21:30,2011-06-25 09:28:21,2011-06-25 09:31:50,2011-06-25 10:36:05,2011-06-25 10:38:08,2011-06-25 11:15:14,2011-06-25 11:21:14
188,2011-06-25 21:06:49,2011-06-25 21:06:57,2011-06-25 21:17:56,2011-06-25 21:18:02,2011-06-25 22:33:06,2011-06-25 22:49:55,2011-06-25 23:03:46,2011-06-25 23:14:28
189,2011-06-26 08:49:36,2011-06-26 08:51:57,2011-06-26 08:58:27,2011-06-26 08:59:40,2011-06-26 10:10:35,2011-06-26 10:11:01,2011-06-26 10:57:13,2011-06-26 10:57:21
190,2011-06-26 20:42:03,2011-06-26 20:42:39,2011-06-26 20:54:55,2011-06-26 20:55:49,2011-06-26 22:06:58,2011-06-26 22:14:01,2011-06-26 22:38:40,2011-06-26 22:43:25
191,2011-06-27 08:27:47,2011-06-27 08:29:36,2011-06-27 08:41:53,2011-06-27 08:42:01,2011-06-27 09:44:24,2011-06-27 09:51:18,2011-06-27 10:33:20,2011-06-27 10:33:45
192,2011-06-27 20:16:56,2011-06-27 20:17:10,2011-06-27 20:29:45,2011-06-27 20:30:55,2011-06-27 21:39:49,2011-06-27 21:41:13,2011-06-27 22:17:47,2011-06-27 22:24:27
193,2011-06-28 08:03:15,2011-06-28 08:03:45,2011-06-28 08:15:39,2011-06-28 08:16:45,2011-06-28 09:28:28,2011-06-28 09:31:07,2011-06-28 09:58:35,2011-06-28 10:11:59
194,2011-06-28 19:52:56,2011-06-28 19:54:18,2011-06-28 20:05:59,2011-06-28 20:06:54,2011-06-28 21:22:40,2011-06-28 21:23:09,2011-06-28 22:06:49,2011-06-28 22:21:02
195,2011-06-29 07:39:49,2011-06-29 07:44:42,2011-06-29 07:50:17,2011-06-29 07:53:17,2011-06-29 09:05:15,2011-06-29 09:16:55,2011-06-29 09:43:57,2011-06-29 10:03:42
196,2011-06-29 19:32:21,2011-06-29 19:32:50,2011-06-29 19:41:51,2011-06-29 19:44:50,2011-06-29 20:54:15,2011-06-29 21:04:57,2011-06-29 21:40:55,2011-06-29 21:47:21
197,2011-06-30 07:17:48,2011-06-30 07:19:32,2011-06-30 07:32:00,2011-06-30 07:34:12,2011-06-30 08:46:54,2011-06-30 08:48:47,2011-06-30 09:26:56,2011-06-30 09:37:53
198,2011-06-30 19:01:36,2011-06-30 19:08:18,2011-06-30 19:19:40,2011-06-30 19:21:21,2011-06-30 20:30:37,2011-06-30 20:32:31,2011-06-30 21:14:38,2011-06-30 21:19:51
199,2011-07-01 06:54:55,2011-07-01 06:56:19,2011-07-01 07:05:05,2011-07-01 07:06:09,2011-07-01 08:22:36,2011-07-01 08:29:34,2011-07-01 09:05:16,2011-07-01 09:10:57